{
"lengthUnit": "mil",
"remark": ["fly_line"],
"components": {
	"fields": ["COMPONENT_NO", "COMPONENT_NAME", "LAYER", "X_COORDINATE", "Y_COORDINATE", "ANGLE"],
	"rows": [
		[1, "C1", "T", 3480, -3065, 90],
		[2, "C2", "T", 2415, -3655, 0],
		[3, "D2", "T", 3490, -2650, 270],
		[4, "OLED1", "T", 2980, -800, 0],
		[5, "R1", "T", 2240, -2015, 270],
		[6, "R2", "T", 2638.5714, -2015, 270],
		[7, "R3", "T", 3037.1429, -2015, 270],
		[8, "R4", "T", 3435.7143, -2020, 270],
		[9, "R5", "T", 2365, -3445, 0],
		[10, "R6", "T", 2360, -3260, 0],
		[11, "R7", "T", 3425, -3270, 0],
		[12, "R8", "T", 3620, -2940, 0],
		[13, "R9", "T", 3765, -2940, 0],
		[14, "SW1", "T", 2446.5917, -1985, 0],
		[15, "SW2", "T", 2840.2925, -1985, 0],
		[16, "SW3", "T", 3233.9932, -1985, 0],
		[17, "SW4", "T", 3627.694, -1990, 0],
		[18, "SW6", "T", 3760, -2405, 90],
		[19, "U2", "T", 2410, -3920, 270],
		[20, "U4", "T", 2785, -2245, 180],
		[21, "U5", "T", 2785, -2995, 0],
		[22, "U6", "T", 3490, -2825, 270],
		[23, "PAD1", "T", 2820, -3420, 0],
		[24, "PAD1", "B", 2820, -3420, 0],
		[25, "PAD2", "T", 3580, -3420, 0],
		[26, "PAD2", "B", 3580, -3420, 0],
		[27, "PAD3", "T", 3480, -3025.63, 0],
		[28, "PAD4", "T", 3480, -3104.37, 0],
		[29, "PAD5", "T", 2830, -800, 0],
		[30, "PAD5", "B", 2830, -800, 0],
		[31, "PAD6", "T", 2930, -800, 0],
		[32, "PAD6", "B", 2930, -800, 0],
		[33, "PAD7", "T", 3030, -800, 0],
		[34, "PAD7", "B", 3030, -800, 0],
		[35, "PAD8", "T", 3130, -800, 0],
		[36, "PAD8", "B", 3130, -800, 0],
		[37, "PAD9", "T", 2240, -2044.66, 0],
		[38, "PAD10", "T", 2240, -1985.34, 0],
		[39, "PAD11", "T", 2638.5714, -2044.66, 0],
		[40, "PAD12", "T", 2638.5714, -1985.34, 0],
		[41, "PAD13", "T", 3037.1429, -2044.66, 0],
		[42, "PAD14", "T", 3037.1429, -1985.34, 0],
		[43, "PAD15", "T", 3435.7143, -2049.66, 0],
		[44, "PAD16", "T", 3435.7143, -1990.34, 0],
		[45, "PAD17", "T", 2394.66, -3445, 0],
		[46, "PAD18", "T", 2335.34, -3445, 0],
		[47, "PAD19", "T", 2389.66, -3260, 0],
		[48, "PAD20", "T", 2330.34, -3260, 0],
		[49, "PAD21", "T", 3454.66, -3270, 0],
		[50, "PAD22", "T", 3395.34, -3270, 0],
		[51, "PAD23", "T", 2360.5717, -1985, 0],
		[52, "PAD24", "T", 2532.6117, -1985, 0],
		[53, "PAD25", "T", 2754.2725, -1985, 0],
		[54, "PAD26", "T", 2926.3125, -1985, 0],
		[55, "PAD27", "T", 3147.9732, -1985, 0],
		[56, "PAD28", "T", 3320.0132, -1985, 0],
		[57, "PAD29", "T", 3541.674, -1990, 0],
		[58, "PAD30", "T", 3713.714, -1990, 0],
		[59, "PAD31", "T", 2222.98, -3795, 0],
		[60, "PAD32", "T", 2222.98, -3945, 0],
		[61, "PAD33", "T", 2222.98, -3995, 0],
		[62, "PAD34", "T", 2222.98, -4045, 0],
		[63, "PAD35", "T", 2222.98, -4095, 0],
		[64, "PAD36", "T", 2597.02, -3745, 0],
		[65, "PAD37", "T", 2597.02, -3795, 0],
		[66, "PAD38", "T", 2597.02, -3845, 0],
		[67, "PAD39", "T", 2597.02, -3895, 0],
		[68, "PAD40", "T", 2597.02, -3945, 0],
		[69, "PAD41", "T", 2597.02, -3995, 0],
		[70, "PAD42", "T", 2597.02, -4045, 0],
		[71, "PAD43", "T", 2597.02, -4095, 0],
		[72, "PAD44", "T", 2535, -2245, 0],
		[73, "PAD44", "B", 2535, -2245, 0],
		[74, "PAD45", "T", 2635, -2245, 0],
		[75, "PAD45", "B", 2635, -2245, 0],
		[76, "PAD46", "T", 2735, -2245, 0],
		[77, "PAD46", "B", 2735, -2245, 0],
		[78, "PAD47", "T", 2835, -2245, 0],
		[79, "PAD47", "B", 2835, -2245, 0],
		[80, "PAD48", "T", 2935, -2245, 0],
		[81, "PAD48", "B", 2935, -2245, 0],
		[82, "PAD49", "T", 3035, -2245, 0],
		[83, "PAD49", "B", 3035, -2245, 0],
		[84, "PAD50", "T", 3135, -2245, 0],
		[85, "PAD50", "B", 3135, -2245, 0],
		[86, "PAD51", "T", 2835, -2995, 0],
		[87, "PAD51", "B", 2835, -2995, 0],
		[88, "PAD52", "T", 2735, -2995, 0],
		[89, "PAD52", "B", 2735, -2995, 0],
		[90, "PAD53", "T", 3452.556, -2875.945, 0],
		[91, "PAD54", "T", 3489.956, -2875.945, 0],
		[92, "PAD55", "T", 3527.436, -2875.945, 0],
		[93, "PAD56", "T", 3452.636, -2774.055, 0],
		[94, "PAD57", "T", 3736.38, -2263.27, 0],
		[95, "PAD58", "T", 3826.93, -2263.27, 0],
		[96, "PAD59", "T", 3826.93, -2546.73, 0],
		[97, "PAD60", "T", 3736.38, -2546.73, 0],
		[98, "PAD61", "T", 3693.07, -2375.47, 0],
		[99, "PAD62", "T", 3693.07, -2493.58, 0],
		[100, "PAD63", "T", 2454.37, -3655, 0],
		[101, "PAD64", "T", 2375.63, -3655, 0],
		[102, "PAD65", "T", 3452.6, -2689.37, 0],
		[103, "PAD66", "T", 3490, -2610.63, 0],
		[104, "PAD67", "T", 3649.66, -2940, 0],
		[105, "PAD68", "T", 3590.34, -2940, 0],
		[106, "PAD69", "T", 3794.66, -2940, 0],
		[107, "PAD70", "T", 3735.34, -2940, 0]
	]
},
"pins": {
	"fields": ["PIN_NO", "PIN_NAME", "PIN_X", "PIN_Y", "LAYER", "PIN_TYPE", "NET_NAME", "NET_TYPE", "PAD_SHAPE", "PAD_SIZEX", "PAD_SIZEY", "HOLE_SIZE", "HOLE_LEN", "PAD_ANGLE"],
	"rows": [
		[1, "C1_1", 3480, -3104.37, "T", "SMD", "GND", "GND", "R", 55.512, 53.15, 0, 0, 90],
		[2, "C1_2", 3480, -3025.63, "T", "SMD", "VCC", "", "R", 55.512, 53.15, 0, 0, 90],
		[3, "C2_1", 2375.63, -3655, "T", "SMD", "3V3", "", "R", 55.512, 53.15, 0, 0, 0],
		[4, "C2_2", 2454.37, -3655, "T", "SMD", "GND", "GND", "R", 55.512, 53.15, 0, 0, 0],
		[5, "D2_1", 3452.6, -2689.37, "T", "SMD", "$1N11190", "", "R", 49.213, 27.559, 0, 0, 270],
		[6, "D2_2", 3527.4, -2689.37, "T", "SMD", "NET_1", "", "R", 49.213, 27.559, 0, 0, 270],
		[7, "D2_3", 3490, -2610.63, "T", "SMD", "3V3", "", "R", 49.213, 27.559, 0, 0, 270],
		[8, "OLED1_1", 2830, -800, "T", "DIP", "GND", "GND", "R", 66.929, 66.929, 43.308, 43.308, 0],
		[9, "OLED1_1", 2830, -800, "B", "DIP", "GND", "GND", "R", 66.929, 66.929, 43.308, 43.308, 0],
		[10, "OLED1_2", 2930, -800, "T", "DIP", "3V3", "", "C", 66.929, 66.929, 43.308, 43.308, 0],
		[11, "OLED1_2", 2930, -800, "B", "DIP", "3V3", "", "C", 66.929, 66.929, 43.308, 43.308, 0],
		[12, "OLED1_3", 3030, -800, "T", "DIP", "SCL", "", "C", 66.929, 66.929, 43.308, 43.308, 0],
		[13, "OLED1_3", 3030, -800, "B", "DIP", "SCL", "", "C", 66.929, 66.929, 43.308, 43.308, 0],
		[14, "OLED1_4", 3130, -800, "T", "DIP", "SDA", "", "C", 66.929, 66.929, 43.308, 43.308, 0],
		[15, "OLED1_4", 3130, -800, "B", "DIP", "SDA", "", "C", 66.929, 66.929, 43.308, 43.308, 0],
		[16, "R1_1", 2240, -1985.34, "T", "SMD", "BTNUP", "", "R", 31.751, 34.016, 0, 0, 270],
		[17, "R1_2", 2240, -2044.66, "T", "SMD", "GND", "GND", "R", 31.751, 34.016, 0, 0, 270],
		[18, "R2_1", 2638.5714, -1985.34, "T", "SMD", "BTNDOWN", "", "R", 31.751, 34.016, 0, 0, 270],
		[19, "R2_2", 2638.5714, -2044.66, "T", "SMD", "GND", "GND", "R", 31.751, 34.016, 0, 0, 270],
		[20, "R3_1", 3037.1429, -1985.34, "T", "SMD", "BTNOK", "", "R", 31.751, 34.016, 0, 0, 270],
		[21, "R3_2", 3037.1429, -2044.66, "T", "SMD", "GND", "GND", "R", 31.751, 34.016, 0, 0, 270],
		[22, "R4_1", 3435.7143, -1990.34, "T", "SMD", "BTNCANC", "", "R", 31.751, 34.016, 0, 0, 270],
		[23, "R4_2", 3435.7143, -2049.66, "T", "SMD", "GND", "GND", "R", 31.751, 34.016, 0, 0, 270],
		[24, "R5_1", 2335.34, -3445, "T", "SMD", "3V3", "", "R", 31.751, 34.016, 0, 0, 0],
		[25, "R5_2", 2394.66, -3445, "T", "SMD", "SCL", "", "R", 31.751, 34.016, 0, 0, 0],
		[26, "R6_1", 2330.34, -3260, "T", "SMD", "3V3", "", "R", 31.751, 34.016, 0, 0, 0],
		[27, "R6_2", 2389.66, -3260, "T", "SMD", "SDA", "", "R", 31.751, 34.016, 0, 0, 0],
		[28, "R7_1", 3395.34, -3270, "T", "SMD", "VCC", "", "R", 31.751, 34.016, 0, 0, 0],
		[29, "R7_2", 3454.66, -3270, "T", "SMD", "$1N8762", "", "R", 31.751, 34.016, 0, 0, 0],
		[30, "R8_1", 3590.34, -2940, "T", "SMD", "VCC", "", "R", 31.751, 34.016, 0, 0, 0],
		[31, "R8_2", 3649.66, -2940, "T", "SMD", "BATCHRG", "", "R", 31.751, 34.016, 0, 0, 0],
		[32, "R9_1", 3735.34, -2940, "T", "SMD", "BATCHRG", "", "R", 31.751, 34.016, 0, 0, 0],
		[33, "R9_2", 3794.66, -2940, "T", "SMD", "GND", "GND", "R", 31.751, 34.016, 0, 0, 0],
		[34, "SW1_1", 2360.5717, -1985, "T", "SMD", "BTNUP", "", "R", 48.425, 53.543, 0, 0, 0],
		[35, "SW1_2", 2532.6117, -1985, "T", "SMD", "3V3", "", "R", 48.425, 53.543, 0, 0, 0],
		[36, "SW2_1", 2754.2725, -1985, "T", "SMD", "BTNDOWN", "", "R", 48.425, 53.543, 0, 0, 0],
		[37, "SW2_2", 2926.3125, -1985, "T", "SMD", "3V3", "", "R", 48.425, 53.543, 0, 0, 0],
		[38, "SW3_1", 3147.9732, -1985, "T", "SMD", "BTNOK", "", "R", 48.425, 53.543, 0, 0, 0],
		[39, "SW3_2", 3320.0132, -1985, "T", "SMD", "3V3", "", "R", 48.425, 53.543, 0, 0, 0],
		[40, "SW4_1", 3541.674, -1990, "T", "SMD", "BTNCANC", "", "R", 48.425, 53.543, 0, 0, 0],
		[41, "SW4_2", 3713.714, -1990, "T", "SMD", "3V3", "", "R", 48.425, 53.543, 0, 0, 0],
		[42, "SW6_1", 3693.07, -2493.58, "T", "SMD", "3V3", "", "R", 60, 23.622, 0, 0, 180],
		[43, "SW6_2", 3693.07, -2375.47, "T", "SMD", "3V3", "", "R", 60, 23.622, 0, 0, 180],
		[44, "SW6_3", 3693.07, -2316.42, "T", "SMD", "NET_2", "", "R", 60, 23.622, 0, 0, 180],
		[45, "SW6_4", 3736.38, -2263.27, "T", "SMD", "GND", "GND", "R", 47.244, 27.559, 0, 0, 270],
		[46, "SW6_4", 3826.93, -2263.27, "T", "SMD", "GND", "GND", "R", 47.244, 27.559, 0, 0, 270],
		[47, "SW6_4", 3826.93, -2546.73, "T", "SMD", "GND", "GND", "R", 47.244, 27.559, 0, 0, 270],
		[48, "SW6_4", 3736.38, -2546.73, "T", "SMD", "GND", "GND", "R", 47.244, 27.559, 0, 0, 270],
		[49, "U2_1", 2222.98, -3745, "T", "SMD", "NET_3", "", "O", 22.598, 94.508, 0, 0, 270],
		[50, "U2_2", 2222.98, -3795, "T", "SMD", "3V3", "", "O", 22.598, 94.508, 0, 0, 270],
		[51, "U2_3", 2222.98, -3845, "T", "SMD", "NET_4", "", "O", 22.598, 94.508, 0, 0, 270],
		[52, "U2_4", 2222.98, -3895, "T", "SMD", "NET_5", "", "O", 22.598, 94.508, 0, 0, 270],
		[53, "U2_5", 2222.98, -3945, "T", "SMD", "GND", "GND", "O", 22.598, 94.508, 0, 0, 270],
		[54, "U2_6", 2222.98, -3995, "T", "SMD", "GND", "GND", "O", 22.598, 94.508, 0, 0, 270],
		[55, "U2_7", 2222.98, -4045, "T", "SMD", "GND", "GND", "O", 22.598, 94.508, 0, 0, 270],
		[56, "U2_8", 2222.98, -4095, "T", "SMD", "GND", "GND", "O", 22.598, 94.508, 0, 0, 270],
		[57, "U2_9", 2597.02, -4095, "T", "SMD", "GND", "GND", "O", 22.598, 94.508, 0, 0, 270],
		[58, "U2_10", 2597.02, -4045, "T", "SMD", "GND", "GND", "O", 22.598, 94.508, 0, 0, 270],
		[59, "U2_11", 2597.02, -3995, "T", "SMD", "GND", "GND", "O", 22.598, 94.508, 0, 0, 270],
		[60, "U2_12", 2597.02, -3945, "T", "SMD", "GND", "GND", "O", 22.598, 94.508, 0, 0, 270],
		[61, "U2_13", 2597.02, -3895, "T", "SMD", "GND", "GND", "O", 22.598, 94.508, 0, 0, 270],
		[62, "U2_14", 2597.02, -3845, "T", "SMD", "VCC", "", "O", 22.598, 94.508, 0, 0, 270],
		[63, "U2_15", 2597.02, -3795, "T", "SMD", "SDA", "", "O", 22.598, 94.508, 0, 0, 270],
		[64, "U2_16", 2597.02, -3745, "T", "SMD", "SCL", "", "O", 22.598, 94.508, 0, 0, 270],
		[65, "U4_1", 3135, -2245, "T", "DIP", "BTNCANC", "", "R", 59.055, 59.055, 23.622, 23.622, 180],
		[66, "U4_1", 3135, -2245, "B", "DIP", "BTNCANC", "", "R", 59.055, 59.055, 23.622, 23.622, 180],
		[67, "U4_2", 3035, -2245, "T", "DIP", "BTNOK", "", "C", 59.055, 59.055, 23.622, 23.622, 180],
		[68, "U4_2", 3035, -2245, "B", "DIP", "BTNOK", "", "C", 59.055, 59.055, 23.622, 23.622, 180],
		[69, "U4_3", 2935, -2245, "T", "DIP", "BTNDOWN", "", "C", 59.055, 59.055, 23.622, 23.622, 180],
		[70, "U4_3", 2935, -2245, "B", "DIP", "BTNDOWN", "", "C", 59.055, 59.055, 23.622, 23.622, 180],
		[71, "U4_4", 2835, -2245, "T", "DIP", "BTNUP", "", "C", 59.055, 59.055, 23.622, 23.622, 180],
		[72, "U4_4", 2835, -2245, "B", "DIP", "BTNUP", "", "C", 59.055, 59.055, 23.622, 23.622, 180],
		[73, "U4_5", 2735, -2245, "T", "DIP", "BATCHRG", "", "C", 59.055, 59.055, 23.622, 23.622, 180],
		[74, "U4_5", 2735, -2245, "B", "DIP", "BATCHRG", "", "C", 59.055, 59.055, 23.622, 23.622, 180],
		[75, "U4_6", 2635, -2245, "T", "DIP", "3V3", "", "C", 59.055, 59.055, 23.622, 23.622, 180],
		[76, "U4_6", 2635, -2245, "B", "DIP", "3V3", "", "C", 59.055, 59.055, 23.622, 23.622, 180],
		[77, "U4_7", 2535, -2245, "T", "DIP", "GND", "GND", "C", 59.055, 59.055, 23.622, 23.622, 180],
		[78, "U4_7", 2535, -2245, "B", "DIP", "GND", "GND", "C", 59.055, 59.055, 23.622, 23.622, 180],
		[79, "U4_8", 2435, -2245, "T", "DIP", "NET_6", "", "C", 59.055, 59.055, 23.622, 23.622, 180],
		[80, "U4_8", 2435, -2245, "B", "DIP", "NET_6", "", "C", 59.055, 59.055, 23.622, 23.622, 180],
		[81, "U5_1", 2435, -2995, "T", "DIP", "NET_7", "", "R", 59.055, 59.055, 23.622, 23.622, 0],
		[82, "U5_1", 2435, -2995, "B", "DIP", "NET_7", "", "R", 59.055, 59.055, 23.622, 23.622, 0],
		[83, "U5_2", 2535, -2995, "T", "DIP", "NET_8", "", "C", 59.055, 59.055, 23.622, 23.622, 0],
		[84, "U5_2", 2535, -2995, "B", "DIP", "NET_8", "", "C", 59.055, 59.055, 23.622, 23.622, 0],
		[85, "U5_3", 2635, -2995, "T", "DIP", "NET_9", "", "C", 59.055, 59.055, 23.622, 23.622, 0],
		[86, "U5_3", 2635, -2995, "B", "DIP", "NET_9", "", "C", 59.055, 59.055, 23.622, 23.622, 0],
		[87, "U5_4", 2735, -2995, "T", "DIP", "SDA", "", "C", 59.055, 59.055, 23.622, 23.622, 0],
		[88, "U5_4", 2735, -2995, "B", "DIP", "SDA", "", "C", 59.055, 59.055, 23.622, 23.622, 0],
		[89, "U5_5", 2835, -2995, "T", "DIP", "SCL", "", "C", 59.055, 59.055, 23.622, 23.622, 0],
		[90, "U5_5", 2835, -2995, "B", "DIP", "SCL", "", "C", 59.055, 59.055, 23.622, 23.622, 0],
		[91, "U5_6", 2935, -2995, "T", "DIP", "NET_10", "", "C", 59.055, 59.055, 23.622, 23.622, 0],
		[92, "U5_6", 2935, -2995, "B", "DIP", "NET_10", "", "C", 59.055, 59.055, 23.622, 23.622, 0],
		[93, "U5_7", 3035, -2995, "T", "DIP", "NET_11", "", "C", 59.055, 59.055, 23.622, 23.622, 0],
		[94, "U5_7", 3035, -2995, "B", "DIP", "NET_11", "", "C", 59.055, 59.055, 23.622, 23.622, 0],
		[95, "U5_8", 3135, -2995, "T", "DIP", "NET_12", "", "C", 59.055, 59.055, 23.622, 23.622, 0],
		[96, "U5_8", 3135, -2995, "B", "DIP", "NET_12", "", "C", 59.055, 59.055, 23.622, 23.622, 0],
		[97, "U6_1", 3452.556, -2875.945, "T", "SMD", "VCC", "", "R", 43.307, 27.559, 0, 0, 270],
		[98, "U6_2", 3489.956, -2875.945, "T", "SMD", "GND", "GND", "R", 43.307, 27.559, 0, 0, 270],
		[99, "U6_3", 3527.436, -2875.945, "T", "SMD", "$1N8762", "", "R", 43.307, 27.559, 0, 0, 270],
		[100, "U6_4", 3527.436, -2774.055, "T", "SMD", "NET_13", "", "R", 43.307, 27.559, 0, 0, 90],
		[101, "U6_5", 3452.636, -2774.055, "T", "SMD", "$1N11190", "", "R", 43.307, 27.559, 0, 0, 90],
		[102, "PAD1_1", 2820, -3420, "T", "DIP", "VCC", "", "R", 118.1102, 78.7402, 36, 36, 0],
		[103, "PAD1_1", 2820, -3420, "B", "DIP", "VCC", "", "R", 118.1102, 78.7402, 36, 36, 0],
		[104, "PAD2_1", 3580, -3420, "T", "DIP", "GND", "GND", "R", 118.1102, 78.7402, 36, 36, 0],
		[105, "PAD2_1", 3580, -3420, "B", "DIP", "GND", "GND", "R", 118.1102, 78.7402, 36, 36, 0],
		[106, "PAD3_2", 3480, -3025.63, "T", "SMD", "VCC", "", "R", 55.512, 53.15, 0, 0, 90],
		[107, "PAD4_1", 3480, -3104.37, "T", "SMD", "GND", "GND", "R", 55.512, 53.15, 0, 0, 90],
		[108, "PAD5_1", 2830, -800, "T", "DIP", "GND", "GND", "R", 66.929, 66.929, 43.308, 43.308, 0],
		[109, "PAD5_1", 2830, -800, "B", "DIP", "GND", "GND", "R", 66.929, 66.929, 43.308, 43.308, 0],
		[110, "PAD6_2", 2930, -800, "T", "DIP", "3V3", "", "C", 66.929, 66.929, 43.308, 43.308, 0],
		[111, "PAD6_2", 2930, -800, "B", "DIP", "3V3", "", "C", 66.929, 66.929, 43.308, 43.308, 0],
		[112, "PAD7_3", 3030, -800, "T", "DIP", "SCL", "", "C", 66.929, 66.929, 43.308, 43.308, 0],
		[113, "PAD7_3", 3030, -800, "B", "DIP", "SCL", "", "C", 66.929, 66.929, 43.308, 43.308, 0],
		[114, "PAD8_4", 3130, -800, "T", "DIP", "SDA", "", "C", 66.929, 66.929, 43.308, 43.308, 0],
		[115, "PAD8_4", 3130, -800, "B", "DIP", "SDA", "", "C", 66.929, 66.929, 43.308, 43.308, 0],
		[116, "PAD9_2", 2240, -2044.66, "T", "SMD", "GND", "GND", "R", 31.751, 34.016, 0, 0, 270],
		[117, "PAD10_1", 2240, -1985.34, "T", "SMD", "BTNUP", "", "R", 31.751, 34.016, 0, 0, 270],
		[118, "PAD11_2", 2638.5714, -2044.66, "T", "SMD", "GND", "GND", "R", 31.751, 34.016, 0, 0, 270],
		[119, "PAD12_1", 2638.5714, -1985.34, "T", "SMD", "BTNDOWN", "", "R", 31.751, 34.016, 0, 0, 270],
		[120, "PAD13_2", 3037.1429, -2044.66, "T", "SMD", "GND", "GND", "R", 31.751, 34.016, 0, 0, 270],
		[121, "PAD14_1", 3037.1429, -1985.34, "T", "SMD", "BTNOK", "", "R", 31.751, 34.016, 0, 0, 270],
		[122, "PAD15_2", 3435.7143, -2049.66, "T", "SMD", "GND", "GND", "R", 31.751, 34.016, 0, 0, 270],
		[123, "PAD16_1", 3435.7143, -1990.34, "T", "SMD", "BTNCANC", "", "R", 31.751, 34.016, 0, 0, 270],
		[124, "PAD17_2", 2394.66, -3445, "T", "SMD", "SCL", "", "R", 31.751, 34.016, 0, 0, 0],
		[125, "PAD18_1", 2335.34, -3445, "T", "SMD", "3V3", "", "R", 31.751, 34.016, 0, 0, 0],
		[126, "PAD19_2", 2389.66, -3260, "T", "SMD", "SDA", "", "R", 31.751, 34.016, 0, 0, 0],
		[127, "PAD20_1", 2330.34, -3260, "T", "SMD", "3V3", "", "R", 31.751, 34.016, 0, 0, 0],
		[128, "PAD21_2", 3454.66, -3270, "T", "SMD", "$1N8762", "", "R", 31.751, 34.016, 0, 0, 0],
		[129, "PAD22_1", 3395.34, -3270, "T", "SMD", "VCC", "", "R", 31.751, 34.016, 0, 0, 0],
		[130, "PAD23_1", 2360.5717, -1985, "T", "SMD", "BTNUP", "", "R", 48.425, 53.543, 0, 0, 0],
		[131, "PAD24_2", 2532.6117, -1985, "T", "SMD", "3V3", "", "R", 48.425, 53.543, 0, 0, 0],
		[132, "PAD25_1", 2754.2725, -1985, "T", "SMD", "BTNDOWN", "", "R", 48.425, 53.543, 0, 0, 0],
		[133, "PAD26_2", 2926.3125, -1985, "T", "SMD", "3V3", "", "R", 48.425, 53.543, 0, 0, 0],
		[134, "PAD27_1", 3147.9732, -1985, "T", "SMD", "BTNOK", "", "R", 48.425, 53.543, 0, 0, 0],
		[135, "PAD28_2", 3320.0132, -1985, "T", "SMD", "3V3", "", "R", 48.425, 53.543, 0, 0, 0],
		[136, "PAD29_1", 3541.674, -1990, "T", "SMD", "BTNCANC", "", "R", 48.425, 53.543, 0, 0, 0],
		[137, "PAD30_2", 3713.714, -1990, "T", "SMD", "3V3", "", "R", 48.425, 53.543, 0, 0, 0],
		[138, "PAD31_2", 2222.98, -3795, "T", "SMD", "3V3", "", "O", 22.598, 94.508, 0, 0, 270],
		[139, "PAD32_5", 2222.98, -3945, "T", "SMD", "GND", "GND", "O", 22.598, 94.508, 0, 0, 270],
		[140, "PAD33_6", 2222.98, -3995, "T", "SMD", "GND", "GND", "O", 22.598, 94.508, 0, 0, 270],
		[141, "PAD34_7", 2222.98, -4045, "T", "SMD", "GND", "GND", "O", 22.598, 94.508, 0, 0, 270],
		[142, "PAD35_8", 2222.98, -4095, "T", "SMD", "GND", "GND", "O", 22.598, 94.508, 0, 0, 270],
		[143, "PAD36_16", 2597.02, -3745, "T", "SMD", "SCL", "", "O", 22.598, 94.508, 0, 0, 270],
		[144, "PAD37_15", 2597.02, -3795, "T", "SMD", "SDA", "", "O", 22.598, 94.508, 0, 0, 270],
		[145, "PAD38_14", 2597.02, -3845, "T", "SMD", "VCC", "", "O", 22.598, 94.508, 0, 0, 270],
		[146, "PAD39_13", 2597.02, -3895, "T", "SMD", "GND", "GND", "O", 22.598, 94.508, 0, 0, 270],
		[147, "PAD40_12", 2597.02, -3945, "T", "SMD", "GND", "GND", "O", 22.598, 94.508, 0, 0, 270],
		[148, "PAD41_11", 2597.02, -3995, "T", "SMD", "GND", "GND", "O", 22.598, 94.508, 0, 0, 270],
		[149, "PAD42_10", 2597.02, -4045, "T", "SMD", "GND", "GND", "O", 22.598, 94.508, 0, 0, 270],
		[150, "PAD43_9", 2597.02, -4095, "T", "SMD", "GND", "GND", "O", 22.598, 94.508, 0, 0, 270],
		[151, "PAD44_7", 2535, -2245, "T", "DIP", "GND", "GND", "C", 59.055, 59.055, 23.622, 23.622, 180],
		[152, "PAD44_7", 2535, -2245, "B", "DIP", "GND", "GND", "C", 59.055, 59.055, 23.622, 23.622, 180],
		[153, "PAD45_6", 2635, -2245, "T", "DIP", "3V3", "", "C", 59.055, 59.055, 23.622, 23.622, 180],
		[154, "PAD45_6", 2635, -2245, "B", "DIP", "3V3", "", "C", 59.055, 59.055, 23.622, 23.622, 180],
		[155, "PAD46_5", 2735, -2245, "T", "DIP", "BATCHRG", "", "C", 59.055, 59.055, 23.622, 23.622, 180],
		[156, "PAD46_5", 2735, -2245, "B", "DIP", "BATCHRG", "", "C", 59.055, 59.055, 23.622, 23.622, 180],
		[157, "PAD47_4", 2835, -2245, "T", "DIP", "BTNUP", "", "C", 59.055, 59.055, 23.622, 23.622, 180],
		[158, "PAD47_4", 2835, -2245, "B", "DIP", "BTNUP", "", "C", 59.055, 59.055, 23.622, 23.622, 180],
		[159, "PAD48_3", 2935, -2245, "T", "DIP", "BTNDOWN", "", "C", 59.055, 59.055, 23.622, 23.622, 180],
		[160, "PAD48_3", 2935, -2245, "B", "DIP", "BTNDOWN", "", "C", 59.055, 59.055, 23.622, 23.622, 180],
		[161, "PAD49_2", 3035, -2245, "T", "DIP", "BTNOK", "", "C", 59.055, 59.055, 23.622, 23.622, 180],
		[162, "PAD49_2", 3035, -2245, "B", "DIP", "BTNOK", "", "C", 59.055, 59.055, 23.622, 23.622, 180],
		[163, "PAD50_1", 3135, -2245, "T", "DIP", "BTNCANC", "", "R", 59.055, 59.055, 23.622, 23.622, 180],
		[164, "PAD50_1", 3135, -2245, "B", "DIP", "BTNCANC", "", "R", 59.055, 59.055, 23.622, 23.622, 180],
		[165, "PAD51_5", 2835, -2995, "T", "DIP", "SCL", "", "C", 59.055, 59.055, 23.622, 23.622, 0],
		[166, "PAD51_5", 2835, -2995, "B", "DIP", "SCL", "", "C", 59.055, 59.055, 23.622, 23.622, 0],
		[167, "PAD52_4", 2735, -2995, "T", "DIP", "SDA", "", "C", 59.055, 59.055, 23.622, 23.622, 0],
		[168, "PAD52_4", 2735, -2995, "B", "DIP", "SDA", "", "C", 59.055, 59.055, 23.622, 23.622, 0],
		[169, "PAD53_1", 3452.556, -2875.945, "T", "SMD", "VCC", "", "R", 43.307, 27.559, 0, 0, 270],
		[170, "PAD54_2", 3489.956, -2875.945, "T", "SMD", "GND", "GND", "R", 43.307, 27.559, 0, 0, 270],
		[171, "PAD55_3", 3527.436, -2875.945, "T", "SMD", "$1N8762", "", "R", 43.307, 27.559, 0, 0, 270],
		[172, "PAD56_5", 3452.636, -2774.055, "T", "SMD", "$1N11190", "", "R", 43.307, 27.559, 0, 0, 90],
		[173, "PAD57_4", 3736.38, -2263.27, "T", "SMD", "GND", "GND", "R", 47.244, 27.559, 0, 0, 270],
		[174, "PAD58_4", 3826.93, -2263.27, "T", "SMD", "GND", "GND", "R", 47.244, 27.559, 0, 0, 270],
		[175, "PAD59_4", 3826.93, -2546.73, "T", "SMD", "GND", "GND", "R", 47.244, 27.559, 0, 0, 270],
		[176, "PAD60_4", 3736.38, -2546.73, "T", "SMD", "GND", "GND", "R", 47.244, 27.559, 0, 0, 270],
		[177, "PAD61_2", 3693.07, -2375.47, "T", "SMD", "3V3", "", "R", 60, 23.622, 0, 0, 180],
		[178, "PAD62_1", 3693.07, -2493.58, "T", "SMD", "3V3", "", "R", 60, 23.622, 0, 0, 180],
		[179, "PAD63_2", 2454.37, -3655, "T", "SMD", "GND", "GND", "R", 55.512, 53.15, 0, 0, 0],
		[180, "PAD64_1", 2375.63, -3655, "T", "SMD", "3V3", "", "R", 55.512, 53.15, 0, 0, 0],
		[181, "PAD65_1", 3452.6, -2689.37, "T", "SMD", "$1N11190", "", "R", 49.213, 27.559, 0, 0, 270],
		[182, "PAD66_3", 3490, -2610.63, "T", "SMD", "3V3", "", "R", 49.213, 27.559, 0, 0, 270],
		[183, "PAD67_2", 3649.66, -2940, "T", "SMD", "BATCHRG", "", "R", 31.751, 34.016, 0, 0, 0],
		[184, "PAD68_1", 3590.34, -2940, "T", "SMD", "VCC", "", "R", 31.751, 34.016, 0, 0, 0],
		[185, "PAD69_2", 3794.66, -2940, "T", "SMD", "GND", "GND", "R", 31.751, 34.016, 0, 0, 0],
		[186, "PAD70_1", 3735.34, -2940, "T", "SMD", "BATCHRG", "", "R", 31.751, 34.016, 0, 0, 0]
	]
}
}